{
  "cross_validation": {
    "mean_separation": 0.8585141985524807,
    "std_separation": 0.4031038348918443,
    "all_separations": [
      0.5824413908403626,
      0.7317968215053527,
      0.48055025408355756,
      0.8797403649915275,
      1.6180421613416034
    ]
  },
  "anomaly_analysis": {
    "dense_random": {
      "mean_separation": 0.7012933585219702,
      "separations": [
        0.683024673087502,
        0.8246104721905826,
        0.596244930287826
      ]
    },
    "very_dense": {
      "mean_separation": 0.6933600964524199,
      "separations": [
        0.6765060484908229,
        0.816314463699948,
        0.5872597771664887
      ]
    },
    "moderate_dense": {
      "mean_separation": 0.7015216631294287,
      "separations": [
        0.6761486255191252,
        0.8283357691971082,
        0.6000805946720522
      ]
    }
  },
  "publication_ready": "False"
}