Configuration,Weights,Early Detection,Cold Start,Early Mean,Early Std,Cold Mean,Cold Std,Statistical Anomaly
Equal Weights,"(0.3, 0.3, 0.3)",0.300 ± 0.235,0.260 ± 0.270,0.3,0.23452078799117146,0.26000000000000006,0.2701851217221259,YES
Evolution Prediction,"(0.5, 0.0, 0.5)",0.300 ± 0.235,0.360 ± 0.270,0.3,0.23452078799117146,0.36,0.2701851217221259,NO
Prediction Only,"(0.0, 0.0, 1.0)",0.280 ± 0.342,0.280 ± 0.311,0.27999999999999997,0.34205262752974136,0.27999999999999997,0.31144823004794875,YES
Memory Only,"(0.0, 1.0, 0.0)",0.260 ± 0.251,0.060 ± 0.134,0.25999999999999995,0.25099800796022265,0.06,0.1341640786499874,YES
Evolution Memory,"(0.5, 0.5, 0.0)",0.240 ± 0.055,0.220 ± 0.286,0.24,0.0547722557505166,0.21999999999999997,0.2863564212655271,YES
Evolution Emphasis,"(0.6, 0.3, 0.1)",0.180 ± 0.045,0.220 ± 0.286,0.18,0.0447213595499958,0.21999999999999997,0.2863564212655271,YES
Evolution Only,"(1.0, 0.0, 0.0)",0.160 ± 0.055,0.260 ± 0.288,0.16,0.05477225575051661,0.26,0.28809720581775866,YES
Strong Evolution,"(0.7, 0.2, 0.1)",0.160 ± 0.055,0.240 ± 0.251,0.16,0.05477225575051661,0.24,0.25099800796022265,YES
